"id","name","city","birth_year"
"1","Sheryl Baxter","East Leonard","2010"
"2","Preston Lozano","East Jimmychester","1913"
"3","Roy Berry","Isabelborough","1981"
"4","Linda Olsen","Bensonview","1917"
"5","Joanna Bender","West Priscilla","1910"
"6","Aimee Downs","Chavezborough","1991"
"7","Darren Peck","Lake Ana","1931"
"8","Brett Mullen","Kimport","1922"
"9","Sheryl Meyers","Robersonstad","1913"
"10","Michelle Gallagher","Elaineberg","1917"
"11","Carl Schroeder","Shannonville","1924"
"12","Jenna Dodson","East Andrea","1907"
"13","Tracey Mata","South Joannamouth","1951"
"14","Kristine Cox","Jodyberg","1905"
"15","Faith Lutz","Burchbury","1974"
"16","Miranda Beasley","Desireeshire","1911"
"17","Caroline Foley","West Adriennestad","1983"
"18","Greg Mata","Lake Leslie","1925"
"19","Clifford Jacobson","Harmonview","1905"
"20","Joanna Kirk","Jamesshire","1925"
"21","Maxwell Frye","East Carly","1973"
"22","Kiara Houston","South Alvin","1941"
"23","Colleen Howard","Brittanyview","1917"
"24","Janet Valenzuela","Veronicamouth","1976"
"25","Shane Wilcox","Bryanville","1976"
"26","Marcus Moody","Kaitlyntown","1944"
"27","Dakota Poole","Michealshire","1989"
"28","Frederick Harper","South Marissatown","1950"
"29","Stefanie Fitzpatrick","Acevedoville","1980"
"30","Kent Bradshaw","North Harold","1954"
"31","Jack Tate","West Samuel","1965"
"32","Tom Trujillo","Cunninghamborough","1925"
"33","Gabriel Mejia","Port Annatown","2007"
"34","Kaitlyn Santana","New Kaitlyn","1990"
"35","Faith Moon","West Marthaburgh","1932"
"36","Tammie Haley","East Teresa","2004"
"37","Nicholas Sosa","South Hunter","1927"
"38","Jordan Gay","South Walter","1995"
"39","Bruce Esparza","Poolefurt","1908"
"40","Sherry Garza","West John","1983"
"41","Natalie Gentry","West Darius","1931"
"42","Bryan Dunn","North Jimstad","1930"
"43","Wayne Simpson","East Rebekahborough","2010"
"44","Luis Greer","North Drew","1987"
"45","Rhonda Frost","Lake Lindaburgh","1905"
"46","Joanne Montes","Gwendolynview","1903"
"47","Geoffrey Guzman","Zimmermanland","1924"
"48","Gloria Mccall","North Kerriton","1911"
"49","Brady Cohen","North Eileenville","1934"
"50","Latoya Mccann","Port Sergiofort","1978"
"51","Gerald Hawkins","New Alberttown","1963"
"52","Samuel Crawford","South Jasmine","1926"
"53","Patricia Goodwin","Cowanfort","1984"
"54","Stacie Richard","New Deborah","2010"
"55","Robin West","Wallstown","1988"
"56","Ralph Haas","Lake Ellenchester","1922"
"57","Phyllis Maldonado","Lake Whitney","1908"
"58","Danny Parrish","East Jaredbury","1920"
"59","Kathy Hill","Selenabury","1938"
"60","Kelli Hardy","Huangfort","1930"
"61","Lynn Pham","East Pennyshire","1929"
"62","Shelley Harris","Port Jasminborough","2013"
"63","Eddie Jimenez","West Kristine","1978"
"64","Chloe Hutchinson","South Julia","1937"
"65","Eileen Lynch","Helenborough","1957"
"66","Fernando Lambert","Lake Nancy","1939"
"67","Makayla Cannon","Georgeport","1995"
"68","Tom Alvarado","South Sophiaberg","1972"
"69","Virginia Dudley","Hartbury","2010"
"70","Riley Good","Erikaville","1998"
"71","Alexandria Buck","Nicolasfort","1987"
"72","Richard Roth","New Jasmineshire","1948"
"73","Candice Keller","East Summerstad","1934"
"74","Anita Benson","Skinnerport","1979"
"75","Regina Stein","Raystad","1927"
"76","Debra Riddle","Colinhaven","1997"
"77","Brittany Zuniga","West Reginald","1995"
"78","Cassidy Mcmahon","Lake Sherryborough","1984"
"79","Laurie Pennington","Port Katherineville","1984"
"80","Alejandro Blair","Thomasland","1928"
"81","Leslie Jennings","Coreybury","1929"
"82","Kathleen Mckay","Lake Janiceton","1950"
"83","Hunter Moreno","East Clinton","1955"
"84","Chad Davidson","South Joshuashire","1950"
"85","Corey Holt","New Glenda","1999"
"86","Emma Cunningham","North Jillianview","2000"
"87","Duane Woods","Lyonsberg","1994"
"88","Alison Vargas","East Cristinabury","1994"
"89","Vernon Kane","Thomasfurt","1907"
"90","Lori Flowers","North Joeburgh","2013"
"91","Nina Chavez","Cassidychester","1965"
"92","Shane Foley","South Dannymouth","1903"
"93","Collin Ayers","South Lonnie","1957"
"94","Sherry Young","Frankchester","1986"
"95","Darrell Douglas","Daisyborough","1988"
"96","Karl Greer","East Richard","2004"
"97","Lynn Atkinson","New Bradview","1924"
"98","Fred Guerra","Ortegaland","1969"
"99","Yvonne Farmer","Lake Elijahview","1946"
"100","Clarence Haynes","Judymouth","1916"
